"filename", "language", "C", "Makefile", "CSS", "HTML", "Markdown", "Python", "Shell Script", "PowerShell", "Batch", "C++", "XML", "JavaScript", "comment", "blank", "total"
"d:\OneDrive - The University of Technology\PBL\PBL1\RSA\.idea\RSA.iml", "XML", 0, 0, 0, 0, 0, 0, 0, 0, 0, 0, 8, 0, 0, 0, 8
"d:\OneDrive - The University of Technology\PBL\PBL1\RSA\.idea\editor.xml", "XML", 0, 0, 0, 0, 0, 0, 0, 0, 0, 0, 103, 0, 0, 0, 103
"d:\OneDrive - The University of Technology\PBL\PBL1\RSA\.idea\modules.xml", "XML", 0, 0, 0, 0, 0, 0, 0, 0, 0, 0, 8, 0, 0, 0, 8
"d:\OneDrive - The University of Technology\PBL\PBL1\RSA\.idea\vcs.xml", "XML", 0, 0, 0, 0, 0, 0, 0, 0, 0, 0, 6, 0, 0, 0, 6
"d:\OneDrive - The University of Technology\PBL\PBL1\RSA\.idea\workspace.xml", "XML", 0, 0, 0, 0, 0, 0, 0, 0, 0, 0, 77, 0, 0, 0, 77
"d:\OneDrive - The University of Technology\PBL\PBL1\RSA\.mix\DemoFolder\demo.c", "C", 46, 0, 0, 0, 0, 0, 0, 0, 0, 0, 0, 0, 19, 10, 75
"d:\OneDrive - The University of Technology\PBL\PBL1\RSA\.mix\DemoFolder\demo.py", "Python", 0, 0, 0, 0, 0, 16, 0, 0, 0, 0, 0, 0, 8, 5, 29
"d:\OneDrive - The University of Technology\PBL\PBL1\RSA\.mix\ProjectDocs\Invoking Bash (Bash Reference Manual).html", "HTML", 0, 0, 0, 211, 0, 0, 0, 0, 0, 0, 0, 0, 33, 15, 259
"d:\OneDrive - The University of Technology\PBL\PBL1\RSA\.mix\ProjectDocs\Invoking Bash (Bash Reference Manual)_files\manual.css", "CSS", 0, 0, 46, 0, 0, 0, 0, 0, 0, 0, 0, 0, 15, 12, 73
"d:\OneDrive - The University of Technology\PBL\PBL1\RSA\Header\cmd.h", "C++", 0, 0, 0, 0, 0, 0, 0, 0, 0, 14, 0, 0, 0, 4, 18
"d:\OneDrive - The University of Technology\PBL\PBL1\RSA\Header\int256.h", "C", 36, 0, 0, 0, 0, 0, 0, 0, 0, 0, 0, 0, 0, 16, 52
"d:\OneDrive - The University of Technology\PBL\PBL1\RSA\Header\outlog.h", "C++", 0, 0, 0, 0, 0, 0, 0, 0, 0, 24, 0, 0, 0, 5, 29
"d:\OneDrive - The University of Technology\PBL\PBL1\RSA\Header\prgvar.h", "C", 49, 0, 0, 0, 0, 0, 0, 0, 0, 0, 0, 0, 1, 11, 61
"d:\OneDrive - The University of Technology\PBL\PBL1\RSA\Header\ui.h", "C", 13, 0, 0, 0, 0, 0, 0, 0, 0, 0, 0, 0, 2, 4, 19
"d:\OneDrive - The University of Technology\PBL\PBL1\RSA\Header\uilib.h", "C", 104, 0, 0, 0, 0, 0, 0, 0, 0, 0, 0, 0, 1, 14, 119
"d:\OneDrive - The University of Technology\PBL\PBL1\RSA\Readme.md", "Markdown", 0, 0, 0, 0, 5, 0, 0, 0, 0, 0, 0, 0, 0, 1, 6
"d:\OneDrive - The University of Technology\PBL\PBL1\RSA\Source\cmd.c", "C", 118, 0, 0, 0, 0, 0, 0, 0, 0, 0, 0, 0, 1, 8, 127
"d:\OneDrive - The University of Technology\PBL\PBL1\RSA\Source\decrypt.c", "C", 57, 0, 0, 0, 0, 0, 0, 0, 0, 0, 0, 0, 0, 22, 79
"d:\OneDrive - The University of Technology\PBL\PBL1\RSA\Source\encrypt.c", "C", 48, 0, 0, 0, 0, 0, 0, 0, 0, 0, 0, 0, 3, 5, 56
"d:\OneDrive - The University of Technology\PBL\PBL1\RSA\Source\genkey.c", "C", 34, 0, 0, 0, 0, 0, 0, 0, 0, 0, 0, 0, 1, 10, 45
"d:\OneDrive - The University of Technology\PBL\PBL1\RSA\Source\int256.c", "C", 242, 0, 0, 0, 0, 0, 0, 0, 0, 0, 0, 0, 29, 29, 300
"d:\OneDrive - The University of Technology\PBL\PBL1\RSA\Source\launch.c", "C", 12, 0, 0, 0, 0, 0, 0, 0, 0, 0, 0, 0, 0, 2, 14
"d:\OneDrive - The University of Technology\PBL\PBL1\RSA\Source\main.c", "C", 23, 0, 0, 0, 0, 0, 0, 0, 0, 0, 0, 0, 1, 9, 33
"d:\OneDrive - The University of Technology\PBL\PBL1\RSA\Source\makefile", "Makefile", 0, 9, 0, 0, 0, 0, 0, 0, 0, 0, 0, 0, 0, 2, 11
"d:\OneDrive - The University of Technology\PBL\PBL1\RSA\Source\outlog.c", "C", 159, 0, 0, 0, 0, 0, 0, 0, 0, 0, 0, 0, 40, 18, 217
"d:\OneDrive - The University of Technology\PBL\PBL1\RSA\Source\prgvar.c", "C", 137, 0, 0, 0, 0, 0, 0, 0, 0, 0, 0, 0, 1, 20, 158
"d:\OneDrive - The University of Technology\PBL\PBL1\RSA\Source\ui.c", "C", 213, 0, 0, 0, 0, 0, 0, 0, 0, 0, 0, 0, 42, 17, 272
"d:\OneDrive - The University of Technology\PBL\PBL1\RSA\Source\uilib.c", "C", 366, 0, 0, 0, 0, 0, 0, 0, 0, 0, 0, 0, 21, 47, 434
"d:\OneDrive - The University of Technology\PBL\PBL1\RSA\decrypt.c", "C", 56, 0, 0, 0, 0, 0, 0, 0, 0, 0, 0, 0, 0, 22, 78
"d:\OneDrive - The University of Technology\PBL\PBL1\RSA\launch.bat", "Batch", 0, 0, 0, 0, 0, 0, 0, 0, 4, 0, 0, 0, 0, 1, 5
"d:\OneDrive - The University of Technology\PBL\PBL1\RSA\launch.ps1", "PowerShell", 0, 0, 0, 0, 0, 0, 0, 4, 0, 0, 0, 0, 0, 1, 5
"d:\OneDrive - The University of Technology\PBL\PBL1\RSA\launch.sh", "Shell Script", 0, 0, 0, 0, 0, 0, 4, 0, 0, 0, 0, 0, 0, 0, 4
"d:\OneDrive - The University of Technology\PBL\PBL1\RSA\makefile", "Makefile", 0, 22, 0, 0, 0, 0, 0, 0, 0, 0, 0, 0, 4, 9, 35
"d:\OneDrive - The University of Technology\PBL\PBL1\RSA\usr\share\terminfo\78\xterm.js", "JavaScript", 0, 0, 0, 0, 0, 0, 0, 0, 0, 0, 0, 6, 0, 0, 6
"Total", "-", 1713, 31, 46, 211, 5, 16, 4, 4, 4, 38, 202, 6, 222, 319, 2821